id,unique_information
0,nan
1,nan
2,nan
3,nan
4,nan
5,nan
6,nan
7,nan
8,1.87278
10,nan
12,0.160329
14,nan
15,nan
16,nan
17,nan
18,0.129621
19,nan
20,nan
21,5.22688
22,nan
23,nan
24,nan
25,nan
26,nan
28,nan
29,nan
31,nan
32,nan
33,0.287178
34,nan
35,nan
36,nan
38,nan
39,nan
41,nan
42,nan
43,0.223425
44,nan
45,nan
46,nan
47,nan
48,nan
49,nan
50,1.46632
52,0.230259
53,nan
54,nan
56,1.09712
58,0.226501
59,nan
60,nan
61,nan
63,nan
64,nan
65,nan
66,0.237243
67,0.159992
68,nan
71,nan
73,0.373991
74,nan
75,nan
76,nan
77,nan
79,nan
81,nan
84,0.409157
85,0.241326
86,0.36035
88,nan
89,0.342809
91,0.351556
92,0.144999
93,0.206696
94,0.144321
96,nan
97,nan
98,nan
100,0.530593
102,nan
103,nan
104,0.432052
105,nan
106,50.2611
107,nan
108,1.04676
109,0.140599
110,nan
111,nan
112,0.186797
113,nan
114,nan
115,nan
117,nan
118,1.64984
119,0.84672
120,0.177601
121,nan
122,0.531481
124,nan
125,0.20506
126,0.459501
127,0.14577
128,0.273314
129,nan
130,nan
131,nan
132,nan
133,nan
134,nan
136,nan
137,nan
138,0.165479
139,0.153864
140,9.02942
141,nan
142,nan
143,nan
144,nan
145,nan
146,nan
147,nan
148,1.76515
149,0.372505
150,0.209216
151,nan
152,nan
153,nan
154,nan
155,nan
156,0.586056
157,nan
158,nan
159,0.422259
160,0.186045
161,5.13541
162,nan
163,0.189223
164,0.1601
165,0.187671
166,nan
167,0.171968
168,0.243494
169,nan
170,nan
171,nan
172,nan
173,nan
174,nan
175,nan
176,nan
177,nan
178,nan
179,nan
181,0.131286
182,nan
183,nan
184,nan
185,nan
188,0.530157
189,nan
190,nan
191,nan
192,nan
193,nan
194,nan
195,0.132493
196,nan
197,0.20636
198,nan
199,nan
200,nan
203,nan
204,nan
205,nan
206,nan
208,nan
210,nan
211,nan
212,nan
213,nan
215,0.229798
216,nan
217,nan
218,nan
219,nan
220,nan
221,nan
222,nan
223,nan
224,nan
225,nan
226,nan
227,nan
228,nan
230,nan
232,nan
233,nan
235,0.483968
236,nan
237,nan
239,0.401814
240,nan
241,nan
244,nan
246,nan
248,nan
250,nan
251,nan
252,nan
253,0.517573
254,nan
255,nan
256,0.215804
257,0.161088
258,nan
259,0.154121
260,0.342809
261,0.186965
262,nan
263,nan
264,nan
265,nan
266,nan
269,0.454887
271,nan
273,nan
274,0.172547
275,1.09278
276,nan
277,nan
278,0.136735
279,nan
280,0.151853
281,nan
282,nan
284,nan
286,2.67473
287,nan
288,0.34216
290,0.26407
292,nan
293,nan
295,0.264544
296,nan
297,0.255462
298,0.127467
299,nan
300,0.316285
301,0.174969
302,0.362112
303,0.454668
304,nan
305,0.144361
306,0.552224
307,0.546571
308,nan
309,nan
312,0.224649
313,nan
314,nan
316,nan
318,0.530034
320,nan
322,0.284199
323,nan
324,0.130472
325,nan
326,nan
327,nan
328,nan
329,0.145504
330,0.385404
331,28.8631
332,nan
333,0.382524
334,nan
335,nan
336,nan
337,0.298216
338,nan
340,0.120962
341,nan
343,0.115991
344,nan
345,0.122706
347,nan
348,0.590705
350,nan
351,0.289946
352,0.204904
353,0.153889
354,nan
355,0.181333
357,nan
358,0.257411
359,0.18907
360,0.125764
361,nan
362,0.190966
364,0.437731
365,nan
366,nan
367,nan
368,nan
369,nan
370,nan
371,0.292196
372,0.225929
373,0.818586
374,nan
375,nan
376,nan
377,nan
379,nan
381,nan
382,nan
383,nan
384,6.53716
385,nan
386,0.128424
387,nan
388,nan
389,0.118585
390,0.133984
391,nan
394,0.845612
395,0.197661
396,nan
397,nan
398,nan
399,0.122574
400,nan
401,nan
403,nan
404,0.210107
405,2.3325
406,nan
407,nan
408,nan
409,nan
410,nan
411,nan
412,0.118906
413,nan
414,0.239949
415,nan
416,nan
417,nan
419,1.25522
420,nan
421,0.189698
422,nan
423,nan
424,0.572343
425,nan
426,nan
427,nan
428,nan
429,8.70952
431,nan
432,0.216951
433,0.461421
435,nan
436,nan
437,nan
438,nan
439,nan
440,nan
441,nan
443,0.226737
444,0.179354
445,nan
446,nan
447,nan
448,nan
449,0.170462
451,nan
452,nan
454,nan
455,nan
456,nan
458,0.209699
460,nan
462,0.932507
463,nan
464,nan
465,nan
466,nan
467,nan
468,0.233268
470,0.128873
471,nan
472,nan
474,nan
475,nan
476,0.182501
477,0.388307
478,nan
479,0.247155
480,0.173916
481,nan
483,0.205906
484,nan
486,0.123837
487,nan
488,0.15583
490,0.135519
491,nan
492,7.79305
493,nan
494,nan
495,nan
496,0.974956
498,nan
499,0.251443
500,nan
501,nan
502,nan
503,0.264764
504,0.140326
506,0.126657
507,0.110279
508,nan
510,nan
512,nan
513,nan
515,nan
516,nan
518,47.1551
519,nan
521,nan
522,0.239123
524,nan
525,nan
526,nan
527,0.427796
530,0.673035
531,0.173144
532,2.7157
533,nan
537,nan
538,0.307786
540,nan
547,0.223944
548,0.213366
550,nan
551,0.165829
552,0.799574
553,0.130879
554,nan
555,0.184177
556,0.142924
557,nan
558,0.193459
560,nan
561,0.209183
562,nan
563,0.175513
564,0.343637
566,0.230523
567,0.379766
568,nan
570,0.166996
571,0.338336
572,nan
573,nan
574,nan
575,nan
576,nan
577,0.134503
580,nan
581,0.149028
583,0.270485
584,nan
585,0.239243
587,0.161792
588,nan
589,0.187174
590,nan
591,0.240513
592,0.500461
594,0.246872
595,0.259861
596,nan
597,0.253454
598,nan
599,nan
600,0.135576
601,2.21329
602,nan
604,nan
606,0.202361
607,nan
608,0.238147
609,0.279224
610,nan
611,0.151952
612,0.397264
613,nan
614,0.295021
615,nan
616,0.255543
617,nan
618,0.268011
619,0.205705
620,0.270662
621,0.186987
622,nan
623,0.346305
624,0.215457
625,nan
627,0.258847
628,nan
629,nan
630,nan
631,nan
633,nan
634,0.342722
635,nan
636,nan
637,nan
638,0.266412
639,0.275073
640,0.176559
641,nan
642,nan
643,nan
644,nan
645,0.371949
646,0.48873
648,0.162983
649,0.571456
650,nan
651,0.529251
652,nan
653,0.152185
654,nan
655,nan
656,nan
657,nan
658,0.393547
659,nan
660,nan
661,nan
662,nan
663,0.360852
664,nan
665,nan
667,nan
668,0.322491
669,0.138807
670,nan
671,nan
672,nan
673,nan
674,nan
675,nan
676,nan
677,nan
678,0.147019
680,nan
681,nan
682,nan
683,nan
684,nan
685,nan
686,nan
688,nan
689,nan
690,nan
692,nan
693,nan
694,0.14475
695,nan
696,nan
697,nan
698,nan
699,nan
700,0.477508
701,nan
702,0.138063
703,0.123556
704,nan
705,nan
706,0.174954
707,nan
708,nan
710,nan
712,0.331689
713,nan
714,nan
715,nan
716,nan
717,nan
718,nan
719,nan
720,nan
721,0.229573
722,0.194491
723,0.286871
724,nan
725,nan
726,0.221719
727,nan
728,nan
729,0.153097
730,nan
732,0.332597
733,nan
734,0.515858
735,nan
736,0.647203
738,1.16682
739,0.245795
740,0.181256
741,0.303919
742,0.135561
743,0.143798
744,0.165602
745,nan
746,0.175759
747,nan
748,nan
749,0.150504
750,nan
751,nan
752,nan
753,nan
755,nan
756,0.129202
758,nan
760,nan
761,0.175578
762,0.165682
763,nan
764,nan
765,0.175419
766,0.273114
767,nan
768,0.1919
769,0.258144
770,0.227917
771,nan
772,0.387149
773,nan
774,nan
775,nan
776,nan
777,0.198221
778,0.395743
779,nan
780,nan
781,nan
782,nan
783,nan
785,nan
786,nan
787,nan
788,0.169756
789,nan
791,0.161708
792,nan
793,nan
794,nan
795,nan
796,0.151876
797,nan
798,nan
799,nan
800,nan
801,nan
802,nan
803,nan
804,nan
805,nan
806,nan
807,nan
808,nan
809,nan
811,0.306008
812,nan
813,nan
814,2.29003
815,nan
816,nan
817,nan
818,nan
820,nan
821,nan
823,0.300142
824,nan
825,nan
826,nan
827,22.6114
828,2.67632
829,nan
831,nan
832,nan
834,nan
835,0.45669
836,0.284867
838,nan
840,nan
841,0.378961
842,nan
843,nan
844,0.567127
845,nan
846,nan
847,nan
851,0.229216
852,nan
854,nan
855,nan
856,0.199242
857,nan
859,nan
861,nan
862,nan
863,nan
864,nan
865,nan
871,nan
872,nan
873,nan
874,nan
875,0.192807
876,nan
877,0.228979
878,nan
879,0.530544
880,0.291144
881,nan
882,nan
883,0.339165
884,nan
885,nan
886,nan
888,0.143986
889,0.187907
890,nan
891,0.205343
892,nan
893,0.120384
894,nan
896,0.908903
897,nan
898,nan
900,nan
901,0.177831
903,nan
904,nan
906,nan
908,nan
909,nan
910,nan
911,nan
912,nan
913,nan
914,nan
915,0.18396
916,nan
917,0.189645
918,nan
919,nan
920,nan
921,0.429989
922,0.215689
923,nan
924,0.519379
925,nan
926,0.510265
927,nan
928,nan
929,nan
931,nan
932,0.17486
934,nan
936,1.33558
938,nan
939,0.14127
940,0.343006
941,nan
942,nan
944,0.142986
945,0.183233
946,nan
947,nan
948,0.629435
949,nan
950,nan
951,0.299718
952,0.207273
953,nan
954,nan
955,nan
956,nan
957,nan
958,0.220583
959,nan
960,nan
962,nan
963,nan
964,nan
967,nan
968,nan
969,nan
971,nan
972,0.502557
973,0.3002
974,nan
975,nan
976,nan
977,nan
979,nan
980,0.518512
981,nan
982,nan
983,nan
984,nan
985,nan
986,nan
989,nan
990,nan
992,nan
993,0.12658
995,nan
996,nan
997,nan
998,0.256049
999,nan
1000,nan
1001,nan
1002,0.292789
1003,nan
1004,0.243679
1005,0.145582
1006,0.261031
1007,nan
1009,0.27543
1010,0.364018
1011,nan
1012,0.23903
1013,0.130766
1014,nan
1016,nan
1017,nan
1018,nan
1019,0.177128
1020,0.281836
1021,nan
1022,nan
1023,nan
1024,0.191701
1026,nan
1027,0.183842
1028,nan
1029,nan
1030,0.180067
1031,0.235085
1033,0.537706
1034,nan
1035,0.287084
1036,nan
1037,0.175171
1038,nan
1040,nan
1042,nan
1045,0.325318
1048,nan
1049,nan
1050,nan
1051,nan
1052,nan
1054,nan
1055,0.494341
1056,0.223553
1057,0.259501
1058,nan
1060,nan
1061,nan
1062,nan
1063,nan
1064,0.138343
1066,nan
1067,nan
1070,nan
1071,nan
1072,nan
1074,nan
1075,nan
1076,nan
1077,nan
1078,nan
1079,nan
1080,nan
1081,nan
1082,nan
1083,nan
1084,nan
1085,nan
1086,0.335197
1087,0.330888
1088,0.602918
1089,nan
1090,0.28541
1091,0.337069
1092,nan
1093,nan
1094,0.796432
1095,0.14445
1096,nan
1097,nan
1098,0.246895
1099,0.255042
1100,0.382599
1101,nan
1102,nan
1103,nan
1104,nan
1105,1.01665
1106,nan
1107,0.587388
1108,0.31097
1111,nan
1113,nan
1114,0.324406
1115,0.223651
1116,nan
1117,nan
1119,nan
1120,0.327256
1122,nan
1123,nan
1125,0.248907
1127,nan
1128,0.217196
1130,nan
1132,nan
1134,0.156282
1135,nan
1137,nan
1141,nan
1142,nan
1143,nan
1144,nan
1147,nan
1148,nan
1150,nan
1151,nan
1154,0.112205
1158,14.7559
1161,nan
1162,0.151529
1163,0.234224
1164,nan
1165,0.144343
1166,0.587227
1167,nan
1169,nan
1171,0.250951
1172,nan
1173,nan
1175,0.430688
1176,nan
1177,nan
1178,0.210442
1179,nan
