call_index,time_s,id,unique_information,worst_unexplained_after,alive_after,tau
0,0.611470229,666,0.000844667666,0.000844667666,1179,0.300000012
0,0.611470229,214,0.0243064668,0.0243064668,1178,0.300000012
0,0.611470229,242,0.0319720395,0.0334630124,1177,0.300000012
0,0.611470229,544,0.0350412615,0.0409982987,1176,0.300000012
0,0.611470229,1153,0.0384942219,0.0465945415,1175,0.300000012
0,0.611470229,987,0.0406724028,0.0510540456,1174,0.300000012
0,0.611470229,243,0.0423853844,0.0608794875,1173,0.300000012
0,0.611470229,1043,0.0451734625,0.0626866072,1172,0.300000012
0,0.611470229,546,0.0459144413,0.0646950826,1171,0.300000012
0,0.611470229,1046,0.0469476357,0.0671031252,1170,0.300000012
0,0.611470229,528,0.0485766046,0.069061175,1169,0.300000012
0,0.611470229,509,0.049201455,0.0710469261,1168,0.300000012
0,0.611470229,209,0.0500096157,0.0722348839,1167,0.300000012
0,0.611470229,202,0.0503659211,0.0738792643,1166,0.300000012
0,0.611470229,1168,0.0506843664,0.0775386319,1165,0.300000012
0,0.611470229,37,0.0517776385,0.0777608082,1164,0.300000012
0,0.611470229,27,0.0523945764,0.0778084099,1163,0.300000012
0,0.611470229,1146,0.0536492616,0.0780612379,1162,0.300000012
0,0.611470229,245,0.0540196598,0.0804431215,1161,0.300000012
0,0.611470229,868,0.0548282005,0.0807784349,1160,0.300000012
0,0.611470229,1044,0.055509191,0.081305854,1159,0.300000012
0,0.611470229,520,0.0558501445,0.0818391889,1158,0.300000012
0,0.611470229,543,0.0564479493,0.0820631981,1157,0.300000012
0,0.611470229,1149,0.0570029952,0.0843155757,1156,0.300000012
0,0.611470229,1069,0.0571166575,0.0843215212,1155,0.300000012
0,0.611470229,231,0.0582163148,0.0850368664,1154,0.300000012
0,0.611470229,849,0.058526326,0.0851743594,1153,0.300000012
0,0.611470229,1156,0.0587571636,0.0854442865,1152,0.300000012
0,0.611470229,966,0.0588676669,0.0871772915,1151,0.300000012
0,0.611470229,858,0.0592077486,0.0876350701,1150,0.300000012
0,0.611470229,757,0.059371002,0.088626653,1149,0.300000012
0,0.611470229,319,0.059608981,0.089182429,1148,0.300000012
0,0.611470229,866,0.0599795468,0.0893881544,1147,0.300000012
0,0.611470229,1170,0.060018111,0.0917860046,1146,0.300000012
0,0.611470229,62,0.0607723035,0.0926611125,1145,0.300000012
0,0.611470229,870,0.0609187596,0.0926630646,1144,0.300000012
0,0.611470229,249,0.061461065,0.0930272266,1143,0.300000012
0,0.611470229,315,0.061622493,0.0930597112,1142,0.300000012
0,0.611470229,1015,0.0620912984,0.0934904292,1141,0.300000012
0,0.611470229,180,0.0621100143,0.0934904888,1140,0.300000012
0,0.611470229,1138,0.0630210936,0.0935376659,1139,0.300000012
0,0.611470229,539,0.063357085,0.0935426354,1138,0.300000012
0,0.611470229,57,0.0635651574,0.0935499445,1137,0.300000012
0,0.611470229,30,0.0639931187,0.0937807113,1136,0.300000012
0,0.611470229,270,0.0643169731,0.095283404,1135,0.300000012
0,0.611470229,238,0.0644680187,0.0961622,1134,0.300000012
0,0.611470229,536,0.0648358613,0.0962267891,1133,0.300000012
0,0.611470229,545,0.0657176375,0.0969165191,1132,0.300000012
0,0.611470229,965,0.0657710657,0.0972280726,1131,0.300000012
0,0.611470229,603,0.066035822,0.0973232612,1130,0.300000012
0,0.611470229,523,0.0663095266,0.097613968,1129,0.300000012
0,0.611470229,378,0.0668996125,0.0976592824,1128,0.300000012
0,0.611470229,933,0.0672278777,0.0981238484,1127,0.300000012
0,0.611470229,1068,0.067300722,0.0992628187,1126,0.300000012
0,0.611470229,69,0.0681149662,0.0992996842,1125,0.300000012
0,0.611470229,459,0.068234399,0.0996036977,1124,0.300000012
0,0.611470229,1124,0.0687328726,0.100411676,1123,0.300000012
0,0.611470229,833,0.0688699037,0.100468487,1122,0.300000012
0,0.611470229,970,0.0691055357,0.10153199,1121,0.300000012
0,0.611470229,55,0.0694494769,0.102148473,1120,0.300000012
0,0.611470229,342,0.0695373267,0.10336405,1119,0.300000012
0,0.611470229,541,0.0698348209,0.104717635,1118,0.300000012
0,0.611470229,790,0.0699410662,0.10472168,1117,0.300000012
0,0.611470229,1157,0.0701029822,0.107851095,1116,0.300000012
0,0.611470229,1145,0.0702168047,0.10785795,1115,0.300000012
0,0.611470229,1139,0.0705778524,0.108295001,1114,0.300000012
0,0.611470229,207,0.0709542632,0.108680502,1113,0.300000012
0,0.611470229,853,0.071161069,0.109491959,1112,0.300000012
0,0.611470229,268,0.0711835325,0.110001244,1111,0.300000012
0,0.611470229,1174,0.0714609548,0.11006701,1110,0.300000012
0,0.611470229,937,0.0717767626,0.11177776,1109,0.300000012
0,0.611470229,994,0.0719956234,0.112509377,1108,0.300000012
0,0.611470229,51,0.0726029351,0.113352418,1107,0.300000012
0,0.611470229,1152,0.0727953091,0.113405697,1106,0.300000012
0,0.611470229,82,0.0730604082,0.114181079,1105,0.300000012
0,0.611470229,860,0.0733034983,0.118689127,1104,0.300000012
0,0.611470229,201,0.0734149963,0.11905238,1103,0.300000012
0,0.611470229,988,0.0736279488,0.119877286,1102,0.300000012
0,0.611470229,529,0.0737815723,0.120473899,1101,0.300000012
0,0.611470229,291,0.0741225705,0.120786801,1100,0.300000012
0,0.611470229,1136,0.07429941,0.121868908,1099,0.300000012
0,0.611470229,1073,0.0745524913,0.123232313,1098,0.300000012
0,0.611470229,899,0.0748363733,0.12412665,1097,0.300000012
0,0.611470229,1112,0.075008668,0.124534808,1096,0.300000012
0,0.611470229,895,0.0751257166,0.124563798,1095,0.300000012
0,0.611470229,559,0.0755573139,0.124564536,1094,0.300000012
0,0.611470229,346,0.0756462365,0.125607252,1093,0.300000012
0,0.611470229,317,0.0760813877,0.128136382,1092,0.300000012
0,0.611470229,473,0.0762389824,0.130377188,1091,0.300000012
0,0.611470229,80,0.0764691308,0.131445825,1090,0.300000012
0,0.611470229,687,0.0765530542,0.131515771,1089,0.300000012
0,0.611470229,511,0.0766613856,0.131517693,1088,0.300000012
0,0.611470229,1053,0.076875329,0.131539062,1087,0.300000012
0,0.611470229,1131,0.0771926492,0.132822841,1086,0.300000012
0,0.611470229,1133,0.0776366219,0.132933095,1085,0.300000012
0,0.611470229,930,0.077970013,0.132984161,1084,0.300000012
0,0.611470229,1041,0.0782100782,0.133034527,1083,0.300000012
0,0.611470229,978,0.0782255828,0.134310901,1082,0.300000012
0,0.611470229,991,0.0786164925,0.135949299,1081,0.300000012
0,0.611470229,759,0.0789992735,0.136876404,1080,0.300000012
0,0.611470229,123,0.0794272348,0.13688235,1079,0.300000012
0,0.611470229,285,0.0795508698,0.145277902,1078,0.300000012
0,0.611470229,489,0.0799960792,0.14532204,1077,0.300000012
0,0.611470229,234,0.0801266283,0.147005945,1076,0.300000012
0,0.611470229,902,0.0805810392,0.148740083,1075,0.300000012
0,0.611470229,272,0.0808278993,0.148742244,1074,0.300000012
0,0.611470229,482,0.0809042603,0.152942508,1073,0.300000012
0,0.611470229,497,0.0809752867,0.153610006,1072,0.300000012
0,0.611470229,1110,0.0812914148,0.153682336,1071,0.300000012
0,0.611470229,848,0.0813006833,0.153784141,1070,0.300000012
0,0.611470229,267,0.0815259293,0.154083446,1069,0.300000012
0,0.611470229,469,0.0816673711,0.154125258,1068,0.300000012
0,0.611470229,517,0.0821405724,0.15416649,1067,0.300000012
0,0.611470229,9,0.0823697969,0.159515128,1066,0.300000012
0,0.611470229,78,0.08289738,0.16110456,1065,0.300000012
0,0.611470229,830,0.0831519067,0.16192016,1064,0.300000012
0,0.611470229,187,0.08325091,0.161937669,1063,0.300000012
0,0.611470229,95,0.0835856944,0.165880471,1062,0.300000012
0,0.611470229,311,0.0840191022,0.167408958,1061,0.300000012
0,0.611470229,40,0.0844890326,0.167419448,1060,0.300000012
0,0.611470229,11,0.0846878439,0.171679631,1059,0.300000012
0,0.611470229,229,0.0850639641,0.174478769,1058,0.300000012
0,0.611470229,1121,0.0854540393,0.175245032,1057,0.300000012
0,0.611470229,754,0.0858378261,0.17785278,1056,0.300000012
0,0.611470229,691,0.0858725458,0.182245642,1055,0.300000012
0,0.611470229,457,0.0864951611,0.182783976,1054,0.300000012
0,0.611470229,1047,0.0870689675,0.183716029,1053,0.300000012
0,0.611470229,186,0.0873397291,0.184702337,1052,0.300000012
0,0.611470229,1039,0.0874475017,0.187584564,1051,0.300000012
0,0.611470229,1159,0.0876531601,0.187595367,1050,0.300000012
0,0.611470229,867,0.0877683833,0.188266233,1049,0.300000012
0,0.611470229,70,0.0878602043,0.192516819,1048,0.300000012
0,0.611470229,1129,0.0881681889,0.193443194,1047,0.300000012
0,0.611470229,321,0.0882911906,0.195260048,1046,0.300000012
0,0.611470229,485,0.088472493,0.197731942,1045,0.300000012
0,0.611470229,1065,0.0885644779,0.198945254,1044,0.300000012
0,0.611470229,453,0.0887097716,0.202708095,1043,0.300000012
0,0.611470229,549,0.0887979865,0.202729061,1042,0.300000012
0,0.611470229,289,0.0891732574,0.205304936,1041,0.300000012
0,0.611470229,356,0.0896428227,0.210032254,1040,0.300000012
0,0.611470229,83,0.0900688469,0.215212598,1039,0.300000012
0,0.611470229,505,0.0904142112,0.215382665,1038,0.300000012
0,0.611470229,632,0.0904225782,0.216280371,1037,0.300000012
0,0.611470229,283,0.0906870961,0.218233839,1036,0.300000012
0,0.611470229,819,0.0912544802,0.220215887,1035,0.300000012
0,0.611470229,99,0.0918659568,0.234814569,1034,0.300000012
0,0.611470229,905,0.0919933841,0.235296115,1033,0.300000012
0,0.611470229,247,0.0924865603,0.240054384,1032,0.300000012
0,0.611470229,442,0.0926882476,0.240583971,1031,0.300000012
0,0.611470229,605,0.0929268822,0.254572719,1030,0.300000012
0,0.611470229,1155,0.0936371833,0.259962976,1029,0.300000012
0,0.611470229,393,0.0938795581,0.260745764,1028,0.300000012
0,0.611470229,837,0.0950801298,0.265995562,1027,0.300000012
0,0.611470229,1059,0.0955201983,0.279858202,1026,0.300000012
0,0.611470229,101,0.0959387571,0.279995054,1025,0.300000012
0,0.611470229,418,0.0963667855,0.280194998,1024,0.300000012
0,0.611470229,535,0.0964947194,0.280200809,1023,0.300000012
0,0.611470229,935,0.0966777354,0.28246817,1022,0.300000012
0,0.611470229,579,0.0971027613,0.284104735,1021,0.300000012
0,0.611470229,709,0.0976627842,0.286234647,1020,0.300000012
0,0.611470229,1126,0.097912617,0.287609547,1019,0.300000012
0,0.611470229,13,0.098333858,0.288253456,1018,0.300000012
0,0.611470229,839,0.0985283181,0.291383713,1017,0.300000012
0,0.611470229,72,0.0987348408,0.294213265,1016,0.300000012
0,0.611470229,586,0.0991650596,0.295641869,1015,0.300000012
0,0.611470229,363,0.0995269939,0.295685858,1014,0.300000012
0,0.611470229,784,0.100900687,0.295875371,1013,0.300000012
0,0.611470229,810,0.101588272,0.295901179,1012,0.300000012
0,0.611470229,582,0.102446906,0.296763957,1011,0.300000012
0,0.611470229,850,0.103405468,0.29958263,1010,0.300000012
0,0.611470229,1140,0.104872629,0.306988627,1009,0.300000012
0,0.611470229,1109,0.105352618,0.307447076,1008,0.300000012
0,0.611470229,542,0.105398417,0.307701439,1007,0.300000012
0,0.611470229,349,0.105563968,0.307843477,1006,0.300000012
0,0.611470229,869,0.107516222,0.314601719,1005,0.300000012
0,0.611470229,593,0.107651889,0.314886928,1004,0.300000012
0,0.611470229,461,0.107707046,0.31660229,1003,0.300000012
0,0.611470229,514,0.108140931,0.320788056,1002,0.300000012
0,0.611470229,1160,0.110760964,0.321890354,1001,0.300000012
0,0.611470229,679,0.110993527,0.328698337,1000,0.300000012
0,0.611470229,737,0.113027267,0.33115527,999,0.300000012
0,0.611470229,887,0.113457471,0.334703386,998,0.300000012
0,0.611470229,907,0.113711759,0.334973842,997,0.300000012
0,0.611470229,647,0.114414796,0.342962801,996,0.300000012
0,0.611470229,450,0.115571044,0.346738428,995,0.300000012
0,0.611470229,339,0.115650199,0.346792936,994,0.300000012
0,0.611470229,569,0.116167955,0.348002046,993,0.300000012
0,0.611470229,961,0.116940193,0.351469219,992,0.300000012
0,0.611470229,430,0.116975278,0.356613219,991,0.300000012
0,0.611470229,1118,0.117504403,0.357174635,990,0.300000012
0,0.611470229,1032,0.117963679,0.359445602,989,0.300000012
0,0.611470229,380,0.118153855,0.359714806,988,0.300000012
0,0.611470229,392,0.119612202,0.363432378,987,0.300000012
0,0.611470229,731,0.124639913,0.364486903,986,0.300000012
0,0.611470229,626,0.127434134,0.364749163,985,0.300000012
0,0.611470229,87,0.128743738,0.365253568,984,0.300000012
0,0.611470229,434,0.129625425,0.366079837,983,0.300000012
0,0.611470229,1025,0.131235778,0.371575624,982,0.300000012
0,0.611470229,565,0.134977013,0.371575713,981,0.300000012
0,0.611470229,711,0.135894477,0.375989348,980,0.300000012
0,0.611470229,402,0.139871374,0.385699779,979,0.300000012
0,0.611470229,578,0.140833154,0.395454675,978,0.300000012
0,0.611470229,943,0.143463656,0.399042785,977,0.300000012
0,0.611470229,822,0.146402925,0.403320223,976,0.300000012
0,0.611470229,310,0.147217408,0.404507816,975,0.300000012
0,0.611470229,534,0.148696035,0.404669553,974,0.300000012
0,0.611470229,116,0.151002273,0.411140621,973,0.300000012
0,0.611470229,294,0.154852778,0.415334791,972,0.300000012
0,0.611470229,1008,0.157761559,0.424886495,971,0.300000012
0,0.611470229,135,0.199236453,0.428891927,970,0.300000012
0,0.611470229,90,0.21977441,0.429427564,969,0.300000012
